{"cameraMode":{"drawMode":0,"name":"Shaded","section":"Shading Mode"},"sceneLighting":false,"audioPlay":false,"sceneViewState":{"showFog":true,"showMaterialUpdate":false,"showSkybox":false,"showFlares":true,"showImageEffects":true,"showParticleSystems":true},"in2DMode":false,"pivot":{"x":102.3436279296875,"y":2.491837978363037,"z":43.17903518676758},"rotation":{"x":-0.6214561462402344,"y":-0.01808270439505577,"z":0.01435081660747528,"w":-0.7831108570098877},"size":282.67962646484377,"orthographic":false}