{"cameraMode":{"drawMode":0,"name":"Shaded","section":"Shading Mode"},"sceneLighting":false,"audioPlay":false,"sceneViewState":{"showFog":true,"showMaterialUpdate":false,"showSkybox":false,"showFlares":true,"showImageEffects":true,"showParticleSystems":true},"in2DMode":false,"pivot":{"x":11.404182434082032,"y":-10.044631958007813,"z":-4.98061990737915},"rotation":{"x":-0.23689799010753632,"y":-0.5866072773933411,"z":-0.18470557034015656,"w":0.7521400451660156},"size":0.00005715767838410102,"orthographic":false}