{"cameraMode":{"drawMode":0,"name":"Shaded","section":"Shading Mode"},"sceneLighting":false,"audioPlay":false,"sceneViewState":{"showFog":true,"showMaterialUpdate":false,"showSkybox":false,"showFlares":true,"showImageEffects":true,"showParticleSystems":true},"in2DMode":false,"pivot":{"x":-71.80000305175781,"y":30.480005264282228,"z":9.599996566772461},"rotation":{"x":0.0531565323472023,"y":0.34554606676101687,"z":0.01961459033191204,"w":-0.9366961717605591},"size":2.8270363807678224,"orthographic":false}