{"cameraMode":{"drawMode":0,"name":"Shaded","section":"Shading Mode"},"sceneLighting":true,"audioPlay":false,"sceneViewState":{"showFog":true,"showMaterialUpdate":false,"showSkybox":true,"showFlares":true,"showImageEffects":true,"showParticleSystems":true},"in2DMode":false,"pivot":{"x":62.72578048706055,"y":4.390585422515869,"z":-37.503719329833987},"rotation":{"x":-0.04608133062720299,"y":-0.5906080007553101,"z":0.035610876977443698,"w":-0.8056949377059937},"size":2.209794044494629,"orthographic":false}