{"cameraMode":{"drawMode":0,"name":"Shaded","section":"Shading Mode"},"sceneLighting":false,"audioPlay":false,"sceneViewState":{"showFog":true,"showMaterialUpdate":false,"showSkybox":false,"showFlares":true,"showImageEffects":true,"showParticleSystems":true},"in2DMode":false,"pivot":{"x":27.598976135253908,"y":-0.8428711891174316,"z":3.939100742340088},"rotation":{"x":-0.1146964430809021,"y":0.25212591886520388,"z":-0.029989231377840043,"w":-0.9606215357780457},"size":7.080075263977051,"orthographic":false}