{"cameraMode":{"drawMode":0,"name":"Shaded","section":"Shading Mode"},"sceneLighting":false,"audioPlay":false,"sceneViewState":{"showFog":true,"showMaterialUpdate":false,"showSkybox":false,"showFlares":true,"showImageEffects":true,"showParticleSystems":true},"in2DMode":false,"pivot":{"x":0.6037732362747192,"y":3.901480197906494,"z":-5.879536151885986},"rotation":{"x":0.045299746096134189,"y":0.010354411788284779,"z":-0.0006135168368928134,"w":0.9992147088050842},"size":0.00005720692206523381,"orthographic":false}