{"cameraMode":{"drawMode":0,"name":"Shaded","section":"Shading Mode"},"sceneLighting":false,"audioPlay":false,"sceneViewState":{"showFog":true,"showMaterialUpdate":false,"showSkybox":false,"showFlares":true,"showImageEffects":true,"showParticleSystems":true},"in2DMode":false,"pivot":{"x":-72.87040710449219,"y":30.815732955932618,"z":8.466630935668946},"rotation":{"x":0.02676355093717575,"y":-0.85014408826828,"z":-0.04304803907871246,"w":-0.5247237682342529},"size":2.8270363807678224,"orthographic":false}