{"cameraMode":{"drawMode":0,"name":"Shaded","section":"Shading Mode"},"sceneLighting":false,"audioPlay":false,"sceneViewState":{"showFog":true,"showMaterialUpdate":false,"showSkybox":false,"showFlares":true,"showImageEffects":true,"showParticleSystems":true},"in2DMode":false,"pivot":{"x":-1.6609632968902588,"y":0.6657384634017944,"z":-0.6837713718414307},"rotation":{"x":-0.046972304582595828,"y":0.9364986419677734,"z":-0.12752817571163178,"w":-0.3252950608730316},"size":5.613071918487549,"orthographic":false}