{"cameraMode":{"drawMode":1,"name":"Wireframe","section":"Shading Mode"},"sceneLighting":false,"audioPlay":false,"sceneViewState":{"showFog":true,"showMaterialUpdate":false,"showSkybox":false,"showFlares":true,"showImageEffects":true,"showParticleSystems":true},"in2DMode":false,"pivot":{"x":-71.71881103515625,"y":31.18619155883789,"z":9.475093841552735},"rotation":{"x":-0.17017410695552827,"y":-0.6888571381568909,"z":-0.1718439757823944,"w":0.6838009357452393},"size":2.8270363807678224,"orthographic":false}